id,name,admin_unit,settlement_type,region,population_total,population_year,ethnic_kazakh_pct,ethnic_russian_pct,ethnic_other_pct,local_permanent_pct,migrants_note,sme_count,primary_activity,social_features,highlight_1,highlight_2,prevention_factor_1,prevention_risk_1,prevention_implication_1
alatau,г. Алатау,"г. Алматы, район «Алатау»",city,г. Алматы,312000,2025,62.5,24.0,13.5,58,Значительная доля приезжих и внутренних мигрантов; спутник Алматы,28500,"торговля;услуги;строительство","спутник Алматы;транзит;плотная застройка","Новый административный район Алматы с высокой плотностью застройки","Ежедневный pendular-поток в центр Алматы","Высокая мобильность и концентрация торговых объектов",high,Требуется адресная профилактика в ТПУ и торговых центрах
konaev,г. Конаев,Капшагайский район,city,Алматинская область,52000,2025,68.0,22.0,10.0,72,Сезонный приток на водохранилище и промзону,4200,"промышленность;услуги;торговля","Капшагайское водохранилище;сезонность;промзона","Город у Капшагайского моря — курорт и промышленная зона","Сезонная занятость и миграция летом","Сезонная безработица и алкоголизация отдыха",medium,Усилить профилактику в летний период и у объектов отдыха
kaskelen,г. Каскелен,Карасайский район,city,Алматинская область,87023,2025,45.0,28.0,27.0,55,Высокая доля приезжих; дневной поток 80–90 тыс.,8900,"торговля;услуги;рынки","агломерация Алматы;рынки;маятниковая миграция","Крупнейший город области у Алматы — рынки и миграция","74,7% преступлений — вечернее и ночное время","Незанятость и концентрация торговли",high,Средовые меры: освещение камеры патрули в микрозонах
talgar,г. Талгар,Талгарский район,city,Алматинская область,45000,2025,70.0,18.0,12.0,65,Дачные кооперативы и пригородное население,5100,"торговля;услуги;туризм","дачные кооперативы;трасса Алматы–Чунджа","Пригород с дачным и туристическим потоком","Транзитная магистраль и сезонные дачники","Алкоголь и ДТП на трассе",medium,Патрулирование трассы и профилактика у дачных зон
otegen_batyr,с. Отеген батыр,Карасайский район,village,Алматинская область,32000,2025,72.0,15.0,13.0,78,Пригород Каскелена — часть жителей работает в Алматы,2800,"сельхоз;услуги;торговля","пригород;сельхоз;маятниковая миграция","Пригородный населённый пункт Карасайского района","Сельхоз и услуги для прилегающих сёл","Молодёжь без занятости вне сезона",medium,Профилактика NEET и ночных нарушений ст.442
irgeli,с. Иргели,"Карасайский район, Иргелинский с.о.",village,Алматинская область,63152,2025,78.0,12.0,10.0,82,Сельский округ — несколько сёл; разбросанность,1900,"сельхоз;животноводство;услуги","сельский округ;разбросанность;сельхоз","Крупный сельский округ Карасайского района","Животноводство и сезонная занятость","Разрыв медучёта и профучёта ОВД",high,Сверка реестров ОВД и медучёта по ИИН
uzynagash,с. Узынагаш,Карасайский район,village,Алматинская область,24000,2025,75.0,14.0,11.0,80,Транзитная магистраль Алматы–Бишкек,2100,"торговля;транзит;услуги","транзит;магистраль;торговля","Транзитный узел на трассе в сторону Чунджи","Торговля и сервис для транзитного потока","Кражи и мошенничества у транзитных объектов",medium,Контроль торговых точек и камер на трассе
chundzha,с. Чунджа,Уйгурский район,village,Алматинская область,22000,2025,55.0,8.0,37.0,70,Приграничье; этническое разнообразие; торговля,1800,"торговля;сельхоз;услуги","приграничье;этническое разнообразие;торговля","Административный центр Уйгурского района","Приграничная торговля и миграция","Безработица 8,4% и 74% безработных среди правонарушителей",high,Адресная занятость и профилактика мошенничества
issyk,г. Иссык,Енбекшиказахский район,city,Алматинская область,21000,2025,73.0,16.0,11.0,68,Туризм у озера Иссык — сезонный приток,2400,"туризм;услуги;торговля","озеро Иссык;туризм;сезонность","Курортный город у озера Иссык","Сезонная занятость и туристический поток","Мошенничества и кражи в сезон",medium,Усиление профилактики в туристический сезон
